Rk,Player,SO,G,Year,Age,Tm,Lg,GS,CG,SHO,GF,W,L,W-L%,SV,IP,H,R,ER,BB,ERA,FIP,K%,BB%,ERA+,BAbip,HR,BF,AB,2B,3B,IBB,HBP,SH,SF,GDP,SB,CS,PO,BK,WP,BA,OBP,SLG,OPS,OPS+,Pit,Str
1,Zack Wheeler,139,17,2021,31,PHI,NL,17,1,1,0,6,4,0.6,0,114,82,27,26,25,2.05,2.28,31.30%,5.60%,192,0.282,7,444,411,12,1,1,4,3,1,5,3,0,0,0,3,0.2,0.252,0.285,0.536,53,1707,1151
2,Trevor Bauer,137,17,2021,30,LAD,NL,17,1,0,0,8,5,0.615,0,107.2,71,36,31,37,2.59,4.02,31.70%,8.60%,145,0.222,19,432,390,14,2,1,3,2,0,3,12,3,0,0,3,0.182,0.258,0.374,0.632,80,1787,1133
3,Jacob deGrom,136,14,2021,33,NYM,NL,14,1,1,0,7,2,0.778,0,85,35,12,9,11,0.95,1,45.30%,3.70%,402,0.209,4,300,286,13,2,0,1,0,2,2,5,1,0,0,0,0.122,0.157,0.224,0.38,10,1141,796
4,Shane Bieber,130,14,2021,26,CLE,AL,14,0,0,0,7,4,0.636,0,90.2,80,35,33,33,3.28,3.09,33.90%,8.60%,139,0.337,11,383,345,17,1,0,4,0,1,6,3,4,1,0,5,0.232,0.305,0.383,0.688,85,1475,963
5,Gerrit Cole,129,16,2021,30,NYY,AL,16,0,0,0,8,4,0.667,0,101.2,75,32,30,17,2.66,2.94,33.20%,4.40%,162,0.268,14,389,369,10,1,0,1,0,2,11,5,0,0,0,5,0.203,0.239,0.35,0.589,61,1576,1067
6,Max Scherzer,127,16,2021,36,WSN,NL,16,1,0,0,7,4,0.636,0,94.1,59,24,22,21,2.1,3.09,35.50%,5.90%,181,0.241,13,358,330,9,1,0,5,1,1,4,3,4,0,0,0,0.179,0.238,0.33,0.568,65,1500,983
7,Clayton Kershaw,124,17,2021,33,LAD,NL,17,0,0,0,9,7,0.563,0,102.1,82,39,37,18,3.25,2.88,30.50%,4.40%,115,0.283,12,407,383,17,1,0,3,2,0,5,6,5,4,1,6,0.214,0.255,0.358,0.613,75,1513,1014
8,Tyler Glasnow,123,14,2021,27,TBR,AL,14,0,0,0,5,2,0.714,0,88,55,26,26,27,2.66,2.76,36.20%,7.90%,149,0.25,10,340,313,13,1,0,0,0,0,6,6,2,0,0,8,0.176,0.241,0.319,0.561,60,1339,878
9,Freddy Peralta,122,16,2021,25,MIL,NL,15,1,0,0,7,2,0.778,0,87,39,21,21,37,2.17,2.93,36.20%,11.00%,189,0.187,8,337,296,12,1,0,3,1,0,3,4,2,0,0,4,0.132,0.235,0.26,0.495,40,1427,874
10,Carlos Rodon,122,14,2021,28,CHW,AL,14,1,1,0,6,3,0.667,0,83.2,53,23,22,26,2.37,2.48,36.30%,7.70%,182,0.266,7,336,299,11,0,1,6,1,3,3,10,0,0,0,5,0.177,0.254,0.284,0.539,49,1407,927
11,Corbin Burnes,120,14,2021,26,MIL,NL,14,0,0,0,4,4,0.5,0,82,59,24,22,15,2.41,1.44,37.30%,4.70%,170,0.313,3,322,300,9,3,0,5,0,2,3,13,0,0,0,2,0.197,0.245,0.277,0.522,47,1274,847
12,Brandon Woodruff,119,16,2021,28,MIL,NL,16,0,0,0,7,3,0.7,0,101,55,22,21,24,1.87,2.79,31.10%,6.30%,220,0.204,9,383,352,4,2,0,4,2,1,4,2,5,0,0,2,0.156,0.218,0.256,0.474,33,1513,1018
13,Aaron Nola,118,17,2021,28,PHI,NL,17,1,1,0,5,5,0.5,0,95.1,94,48,47,22,4.44,3.47,29.40%,5.50%,89,0.333,14,402,371,19,1,1,6,2,1,10,4,1,0,1,0,0.253,0.305,0.423,0.728,106,1577,1068
14,Kevin Gausman,116,16,2021,30,SFG,NL,16,0,0,0,8,2,0.8,0,101.2,57,21,19,25,1.68,2.67,29.90%,6.40%,235,0.207,8,388,360,14,0,0,1,1,1,4,2,0,0,0,2,0.158,0.214,0.264,0.478,37,1484,999
15,Yu Darvish,115,16,2021,34,SDP,NL,16,0,0,0,7,2,0.778,0,96,67,28,26,23,2.44,3.06,30.50%,6.10%,151,0.257,10,377,345,19,1,0,7,0,2,9,7,1,0,0,6,0.194,0.257,0.342,0.599,75,1500,988
16,Robbie Ray,113,15,2021,29,TOR,AL,15,0,0,0,6,3,0.667,0,86.2,76,34,33,21,3.43,4.2,31.70%,5.90%,131,0.284,19,356,332,11,1,0,2,0,1,7,11,1,1,0,3,0.229,0.278,0.44,0.718,93,1438,955
17,Lucas Giolito,111,16,2021,26,CHW,AL,16,0,0,0,6,5,0.545,0,93.2,73,43,40,30,3.84,4.28,29.40%,8.00%,112,0.253,18,377,345,14,2,0,1,0,1,6,7,1,1,0,4,0.212,0.276,0.42,0.696,90,1574,1038
18,Trevor Rogers,110,16,2021,23,MIA,NL,16,0,0,0,7,5,0.583,0,92.1,64,25,22,32,2.14,2.62,30.00%,8.70%,188,0.28,5,367,325,17,0,0,3,5,1,8,8,3,0,1,2,0.197,0.274,0.295,0.57,62,1402,925
19,Julio Urias,110,17,2021,24,LAD,NL,17,0,0,0,10,3,0.769,0,99.1,85,47,42,21,3.81,3.5,27.40%,5.20%,99,0.286,14,401,370,18,0,3,3,5,2,3,1,3,1,0,1,0.23,0.275,0.392,0.667,90,1478,1047
20,Chris Bassitt,109,17,2021,32,OAK,AL,17,1,1,0,9,2,0.818,0,106.2,83,36,36,27,3.04,3.25,25.20%,6.20%,133,0.266,9,433,392,20,1,1,10,0,4,6,5,1,0,0,5,0.212,0.277,0.337,0.614,74,1598,1047
21,Joe Musgrove,106,16,2021,28,SDP,NL,15,1,1,1,5,6,0.455,0,89,56,29,26,22,2.63,3.43,30.00%,6.20%,140,0.221,11,353,319,10,2,1,9,1,2,4,2,0,0,0,0,0.176,0.247,0.323,0.57,67,1408,926
22,Tyler Mahle,105,16,2021,26,CIN,NL,16,0,0,0,7,3,0.7,0,84.1,69,36,35,27,3.74,3.54,30.00%,7.70%,123,0.293,11,350,313,13,2,0,6,3,1,3,1,2,0,0,2,0.22,0.294,0.38,0.674,79,1489,950
23,Dylan Cease,103,16,2021,25,CHW,AL,16,1,1,0,7,3,0.7,0,81.2,70,37,34,35,3.75,3.54,29.30%,9.90%,115,0.307,9,352,306,9,0,0,5,1,5,4,8,2,0,2,6,0.229,0.313,0.346,0.66,83,1465,906
24,Sean Manaea,102,17,2021,29,OAK,AL,17,2,2,0,6,5,0.545,0,97.2,96,34,34,25,3.13,3.2,25.10%,6.10%,129,0.321,10,407,379,18,0,0,1,1,1,7,2,2,0,1,4,0.253,0.3,0.38,0.68,92,1588,1066
25,Walker Buehler,101,16,2021,26,LAD,NL,16,0,0,0,8,1,0.889,0,103.1,71,29,27,22,2.35,3.57,25.40%,5.50%,159,0.228,13,397,367,12,0,1,3,4,1,9,7,2,0,0,1,0.193,0.244,0.332,0.577,65,1564,1061
26,Charlie Morton,100,16,2021,37,ATL,NL,16,0,0,0,7,3,0.7,0,86.2,69,44,36,29,3.74,3.47,27.50%,8.00%,119,0.286,8,364,319,4,1,1,12,2,2,7,1,0,0,0,2,0.216,0.304,0.31,0.614,68,1437,928
27,Lance Lynn,99,15,2021,34,CHW,AL,15,1,1,0,8,3,0.727,0,84.2,59,23,19,28,2.02,3.08,28.90%,8.20%,213,0.249,8,343,311,10,0,2,1,0,1,3,9,3,0,0,3,0.19,0.258,0.299,0.557,54,1402,890
28,Nick Pivetta,99,16,2021,28,BOS,AL,16,0,0,0,6,3,0.667,0,85.1,73,43,42,40,4.43,4.33,27.20%,11.00%,105,0.288,13,364,318,21,2,0,3,1,2,7,5,0,0,0,2,0.23,0.32,0.431,0.75,101,1533,976
29,Eduardo Rodriguez,99,16,2021,28,BOS,AL,16,0,0,0,6,4,0.6,0,84.2,93,53,51,21,5.42,3.48,27.40%,5.80%,86,0.358,12,361,335,24,0,0,2,1,2,6,2,2,0,1,0,0.278,0.322,0.457,0.779,108,1436,938
30,Jose Berrios,96,16,2021,27,MIN,AL,16,0,0,0,7,2,0.778,0,94.2,84,40,37,24,3.52,3.59,24.70%,6.20%,117,0.293,11,388,353,19,2,0,6,2,3,5,1,3,3,0,1,0.238,0.295,0.397,0.692,93,1511,990
31,Adam Wainwright,96,16,2021,39,STL,NL,16,2,0,0,6,5,0.545,0,100.2,84,40,39,27,3.49,3.94,23.30%,6.60%,108,0.266,13,412,375,16,0,2,7,2,1,5,2,1,0,1,1,0.224,0.288,0.371,0.658,92,1562,1007
32,Mike Minor,95,17,2021,33,KCR,AL,17,0,0,0,6,6,0.5,0,96.1,95,58,57,29,5.33,4.21,23.20%,7.10%,86,0.3,15,409,376,19,3,0,3,0,1,5,2,2,1,0,3,0.253,0.311,0.439,0.749,102,1621,1042
33,Frankie Montas,95,17,2021,28,OAK,AL,17,0,0,0,7,7,0.5,0,93.1,98,53,48,27,4.63,4.07,23.20%,6.60%,87,0.313,14,409,376,19,2,0,4,0,1,4,3,2,0,0,7,0.261,0.316,0.434,0.75,111,1579,1053
34,Pablo Lopez,94,17,2021,25,MIA,NL,17,0,0,0,4,5,0.444,0,91,76,32,30,22,2.97,3.3,25.80%,6.00%,136,0.288,9,365,334,18,2,1,6,1,2,10,2,1,0,0,3,0.228,0.286,0.374,0.66,87,1453,965
35,German Marquez,94,17,2021,26,COL,NL,17,3,1,0,7,6,0.538,0,99.1,78,42,40,40,3.62,3.45,23.00%,9.80%,126,0.274,7,408,360,15,1,2,2,5,0,13,3,1,0,0,5,0.217,0.299,0.322,0.621,68,1480,947
36,Tarik Skubal,94,16,2021,24,DET,AL,14,0,0,1,4,7,0.364,0,77.2,70,37,35,36,4.06,5,27.80%,10.70%,107,0.29,16,338,293,15,0,0,5,1,3,5,5,2,1,0,3,0.239,0.329,0.454,0.783,117,1408,880
37,Sandy Alcantara,93,17,2021,25,MIA,NL,17,1,0,0,4,7,0.364,0,106.2,85,41,37,29,3.12,3.59,21.70%,6.80%,129,0.259,10,429,391,19,1,2,5,2,2,13,7,2,1,0,4,0.217,0.279,0.348,0.627,78,1563,1050
38,Yusei Kikuchi,93,15,2021,30,SEA,AL,15,0,0,0,6,3,0.667,0,93.1,65,34,33,31,3.18,4.29,25.40%,8.50%,130,0.221,15,366,334,6,1,0,1,0,0,11,1,0,0,0,2,0.195,0.265,0.353,0.618,74,1395,919
39,Ian Anderson,90,16,2021,23,ATL,NL,16,0,0,0,5,4,0.556,0,88.2,70,33,33,31,3.35,3.39,24.80%,8.50%,132,0.271,8,363,327,15,0,0,1,4,0,8,3,0,0,0,2,0.214,0.284,0.333,0.617,67,1496,927
40,Nathan Eovaldi,90,17,2021,31,BOS,AL,17,0,0,0,9,4,0.692,0,97.2,98,39,37,19,3.41,2.56,22.10%,4.70%,136,0.324,4,407,383,27,3,0,4,0,1,9,6,0,0,0,4,0.256,0.297,0.373,0.671,80,1549,1062
41,Luis Garcia,90,16,2021,24,HOU,AL,14,0,0,1,6,5,0.545,0,80.1,63,29,28,27,3.14,3.5,27.40%,8.20%,139,0.271,9,328,295,18,1,1,3,0,3,3,5,3,0,0,3,0.214,0.284,0.373,0.656,79,1337,847
42,Blake Snell,90,15,2021,28,SDP,NL,15,0,0,0,3,3,0.5,0,66.1,63,40,39,40,5.29,4.26,29.80%,13.30%,70,0.331,10,302,260,17,1,1,1,1,0,4,6,1,1,1,5,0.242,0.346,0.431,0.776,127,1268,758
43,Andrew Heaney,89,14,2021,30,LAA,AL,14,0,0,0,4,6,0.4,0,71.2,72,44,43,24,5.4,4.26,29.00%,7.80%,85,0.324,14,307,280,9,0,0,1,0,2,6,1,0,0,0,2,0.257,0.316,0.439,0.755,102,1305,850
44,Merrill Kelly,89,17,2021,32,ARI,NL,17,0,0,0,5,7,0.417,0,98.1,100,54,51,25,4.67,4.02,21.50%,6.00%,89,0.306,14,415,381,17,3,3,2,4,3,3,5,3,2,0,2,0.262,0.309,0.433,0.742,107,1535,1022
45,Zach Eflin,87,15,2021,27,PHI,NL,15,0,0,0,2,6,0.25,0,90,102,44,42,11,4.2,3.54,23.10%,2.90%,94,0.338,13,377,362,26,2,2,2,1,1,10,0,0,0,0,2,0.282,0.306,0.472,0.778,119,1354,932
46,Luis Castillo,86,17,2021,28,CIN,NL,17,0,0,0,3,10,0.231,0,90.1,94,60,51,38,5.08,3.95,21.50%,9.50%,90,0.331,9,400,351,17,2,2,4,6,1,7,4,1,0,1,1,0.268,0.345,0.405,0.75,100,1566,998
47,Anthony DeSclafani,86,16,2021,31,SFG,NL,16,2,2,0,8,3,0.727,0,92.2,69,31,30,26,2.91,3.69,23.40%,7.10%,136,0.239,11,368,340,10,0,1,0,2,0,6,3,3,0,0,2,0.203,0.26,0.329,0.589,68,1381,888
48,Brady Singer,85,17,2021,24,KCR,AL,17,0,0,0,3,6,0.333,0,79.2,86,49,42,35,4.74,3.91,23.30%,9.60%,96,0.339,8,365,320,15,3,1,7,0,3,4,8,3,1,1,2,0.269,0.351,0.409,0.76,107,1449,925
49,Shohei Ohtani,83,12,2021,26,LAA,AL,12,0,0,0,3,1,0.75,0,60,41,26,24,35,3.6,3.74,32.30%,13.60%,128,0.28,6,257,211,8,0,0,6,2,3,3,2,2,0,2,6,0.194,0.322,0.318,0.639,74,970,576
50,Taijuan Walker,82,14,2021,28,NYM,NL,14,0,0,0,6,3,0.667,0,79.1,57,24,21,25,2.38,2.93,26.10%,8.00%,161,0.261,5,314,284,10,0,0,2,1,2,7,3,2,2,0,3,0.201,0.268,0.289,0.557,63,1191,781
51,JT Brubaker,81,15,2021,27,PIT,NL,15,0,0,0,4,8,0.333,0,83.2,77,38,38,18,4.09,4.61,23.10%,5.10%,100,0.274,16,350,320,12,2,0,7,5,0,1,0,4,0,1,0,0.241,0.296,0.441,0.736,106,1230,810
52,Kyle Gibson,81,16,2021,33,TEX,AL,16,0,0,0,6,0,1,0,95.2,70,22,21,29,1.98,3.42,21.40%,7.70%,226,0.243,7,379,346,12,0,0,3,0,1,7,2,2,1,0,2,0.202,0.269,0.298,0.567,57,1471,919
53,Cristian Javier,81,16,2021,24,HOU,AL,9,0,0,1,3,1,0.75,1,67,37,22,22,33,2.96,4.1,30.10%,12.30%,147,0.196,9,269,231,8,1,1,3,0,2,3,2,1,0,0,3,0.16,0.271,0.32,0.592,63,1156,693
54,Lance McCullers Jr.,81,13,2021,27,HOU,AL,13,0,0,0,6,1,0.857,0,72.2,50,25,24,39,2.97,3.82,26.50%,12.80%,146,0.251,6,306,262,9,1,0,5,0,0,8,0,3,0,0,3,0.191,0.307,0.302,0.609,69,1255,751
55,Alex Wood,81,14,2021,30,SFG,NL,14,0,0,0,7,3,0.7,0,76.1,66,36,33,25,3.89,3.87,25.50%,7.90%,102,0.292,9,318,284,10,2,1,8,0,1,7,1,2,0,0,5,0.232,0.311,0.377,0.688,97,1246,818
56,Rich Hill,80,16,2021,41,TBR,AL,16,0,0,0,6,3,0.667,0,82.2,62,34,34,30,3.7,4.58,24.10%,9.00%,107,0.243,13,332,293,12,1,0,6,1,2,9,6,2,0,1,2,0.212,0.296,0.392,0.689,96,1241,826
57,Jordan Montgomery,80,15,2021,28,NYY,AL,15,0,0,0,3,2,0.6,0,82,76,40,37,23,4.06,3.55,23.50%,6.80%,106,0.298,9,340,309,15,0,0,2,1,5,6,5,1,1,0,4,0.246,0.298,0.382,0.68,87,1274,837
58,Joe Ross,80,15,2021,28,WSN,NL,15,0,0,0,5,7,0.417,0,80.2,70,42,36,28,4.02,4.7,23.50%,8.20%,94,0.267,14,341,302,11,0,3,6,3,2,7,2,2,0,0,0,0.232,0.308,0.407,0.715,107,1277,832
59,Dane Dunning,79,16,2021,26,TEX,AL,16,0,0,0,3,6,0.333,0,74,85,38,36,27,4.38,3.3,24.30%,8.30%,102,0.378,6,325,294,16,1,0,3,1,0,9,2,2,0,0,7,0.289,0.355,0.412,0.767,111,1207,790
60,Steven Matz,78,14,2021,30,TOR,AL,14,0,0,0,7,3,0.7,0,72.1,78,39,37,21,4.6,3.88,24.80%,6.70%,97,0.338,10,315,289,13,2,0,5,0,0,8,1,1,1,0,2,0.27,0.33,0.433,0.763,107,1230,803
61,Marcus Stroman,78,16,2021,30,NYM,NL,16,0,0,0,6,6,0.5,0,88.1,74,32,24,24,2.45,3.6,21.70%,6.70%,157,0.267,9,359,327,6,0,1,2,3,3,10,7,2,0,0,5,0.226,0.281,0.327,0.608,77,1317,875
62,Aaron Civale,76,15,2021,26,CLE,AL,15,0,0,0,10,2,0.833,0,97.2,81,37,36,23,3.32,4.27,19.80%,6.00%,137,0.251,14,384,354,16,4,0,3,1,3,9,2,3,0,1,2,0.229,0.279,0.415,0.695,85,1452,929
63,Austin Gomber,76,15,2021,27,COL,NL,15,0,0,0,6,5,0.545,0,78.1,61,38,32,23,3.68,3.63,24.00%,7.30%,124,0.252,9,317,289,14,0,2,1,2,2,6,0,1,0,0,1,0.211,0.27,0.353,0.623,68,1216,807
64,Casey Mize,75,16,2021,24,DET,AL,16,1,0,0,5,5,0.5,0,91.1,78,36,36,27,3.55,4.55,20.20%,7.30%,122,0.263,13,372,334,10,2,0,9,1,1,14,0,2,0,0,4,0.234,0.307,0.392,0.699,95,1441,907
65,Chris Paddack,75,15,2021,25,SDP,NL,15,0,0,0,4,5,0.444,0,73,73,42,37,17,4.56,3.58,24.40%,5.50%,81,0.313,10,307,286,14,3,0,0,4,0,3,5,1,0,0,2,0.255,0.297,0.43,0.727,110,1254,819
66,Caleb Smith,75,25,2021,29,ARI,NL,7,0,0,3,2,4,0.333,0,64.1,49,24,22,33,3.08,4.06,26.90%,11.80%,135,0.269,7,279,238,12,0,2,6,1,0,4,5,2,2,0,1,0.206,0.318,0.345,0.662,87,1146,719
67,Zack Greinke,74,17,2021,37,HOU,AL,17,1,0,0,8,2,0.8,0,103.2,98,42,42,21,3.65,4,17.90%,5.10%,119,0.279,13,414,389,17,0,0,1,0,3,16,4,1,0,0,3,0.252,0.29,0.396,0.686,87,1549,990
68,Kyle Hendricks,74,16,2021,31,CHC,NL,16,1,0,0,10,4,0.714,0,92.2,99,45,41,19,3.98,5.08,18.80%,4.80%,97,0.286,20,394,369,18,1,1,3,2,1,7,3,1,1,0,1,0.268,0.309,0.485,0.794,125,1374,957
69,Hyun Jin Ryu,74,16,2021,34,TOR,AL,16,0,0,0,7,5,0.583,0,93.2,87,41,38,21,3.65,4.2,19.40%,5.50%,123,0.269,14,381,357,20,1,0,0,1,2,8,0,1,1,0,1,0.244,0.284,0.423,0.707,90,1459,965
70,Sonny Gray,73,11,2021,31,CIN,NL,11,0,0,0,1,4,0.2,0,55,50,22,20,21,3.27,3.65,30.80%,8.90%,141,0.318,8,237,213,8,1,1,2,1,0,2,3,0,0,0,8,0.235,0.309,0.394,0.704,88,934,584
71,Jorge Lopez,73,16,2021,28,BAL,AL,16,0,0,0,2,10,0.167,0,76,85,51,50,33,5.92,5.17,21.50%,9.70%,75,0.333,14,340,299,16,0,1,6,1,1,9,1,2,0,1,4,0.284,0.366,0.478,0.844,132,1312,818
72,Jameson Taillon,73,15,2021,29,NYY,AL,15,0,0,0,3,4,0.429,0,69.2,74,42,42,21,5.43,4.75,24.10%,6.90%,79,0.316,14,303,275,17,0,0,4,1,2,4,5,0,0,0,3,0.269,0.328,0.484,0.811,121,1199,801
73,Tyler Anderson,72,15,2021,31,PIT,NL,15,0,0,0,3,8,0.273,0,85.1,83,47,45,22,4.75,4.53,20.10%,6.20%,86,0.28,15,358,326,14,2,0,0,6,4,4,4,1,1,0,0,0.255,0.298,0.448,0.746,108,1345,922
74,Vince Velasquez,71,16,2021,29,PHI,NL,12,0,0,1,3,2,0.6,0,64,49,31,30,33,4.22,4.61,26.20%,12.20%,94,0.252,10,271,236,11,3,1,2,0,0,3,7,2,0,0,2,0.208,0.31,0.407,0.717,104,1141,697
75,Adbert Alzolay,70,13,2021,26,CHC,NL,13,0,0,0,4,7,0.364,0,65.1,52,35,33,20,4.55,4.9,26.10%,7.50%,85,0.239,14,268,242,9,1,0,4,1,1,4,3,0,0,1,0,0.215,0.285,0.434,0.719,104,1048,681
76,Patrick Corbin,70,16,2021,31,WSN,NL,16,0,0,0,5,7,0.417,0,87.1,93,56,54,29,5.56,5.15,18.60%,7.70%,68,0.298,17,376,339,13,2,1,2,3,3,10,7,3,2,0,0,0.274,0.332,0.475,0.807,133,1375,872
77,Ryan Yarbrough,70,16,2021,29,TBR,AL,11,1,0,0,4,3,0.571,0,86.1,88,51,43,15,4.48,4.26,19.30%,4.10%,88,0.294,13,363,337,19,1,1,7,3,1,5,4,1,1,1,0,0.261,0.306,0.439,0.745,110,1347,891
78,John Means,69,12,2021,28,BAL,AL,12,1,1,0,4,2,0.667,0,71,46,18,18,13,2.28,4.19,25.80%,4.90%,194,0.193,13,268,253,2,0,0,1,1,0,3,0,2,1,0,1,0.182,0.225,0.344,0.569,55,1058,706
79,Wade Miley,69,14,2021,34,CIN,NL,14,1,1,0,6,4,0.6,0,81.2,69,29,28,22,3.09,3.27,20.50%,6.50%,149,0.265,6,337,313,16,1,0,1,1,0,5,0,0,1,0,1,0.22,0.274,0.335,0.609,63,1303,815
80,David Peterson,69,15,2021,25,NYM,NL,15,0,0,0,2,6,0.25,0,66.2,64,44,41,29,5.54,4.77,24.00%,10.10%,69,0.31,11,287,251,15,1,0,5,2,0,9,2,3,2,0,6,0.255,0.344,0.454,0.798,131,1122,708
81,Domingo German,68,15,2021,28,NYY,AL,15,0,0,0,4,5,0.444,0,76,75,40,38,19,4.5,4.77,21.10%,5.90%,96,0.275,15,322,300,12,2,0,2,0,1,5,3,1,0,0,2,0.25,0.298,0.453,0.751,105,1220,809
82,Cole Irvin,68,16,2021,27,OAK,AL,16,0,0,0,6,7,0.462,0,94,98,41,38,17,3.64,3.66,17.30%,4.30%,111,0.305,9,394,369,20,0,0,5,2,0,8,2,1,1,0,2,0.266,0.307,0.393,0.7,97,1351,932
83,Ross Stripling,68,13,2021,31,TOR,AL,12,0,0,0,3,4,0.429,0,65.1,63,32,31,18,4.27,4.38,24.60%,6.50%,105,0.29,12,276,254,14,0,0,2,0,2,3,3,1,0,0,0,0.248,0.301,0.445,0.746,101,1046,675
84,Jack Flaherty,67,11,2021,25,STL,NL,11,0,0,0,8,1,0.889,0,62,44,27,20,20,2.9,3.72,26.30%,7.80%,130,0.242,7,255,225,10,0,1,6,2,2,2,0,2,1,0,4,0.196,0.277,0.333,0.61,78,1080,666
85,Brad Keller,67,17,2021,25,KCR,AL,17,0,0,0,6,8,0.429,0,81,110,66,60,42,6.67,5.17,17.20%,10.80%,68,0.371,12,390,335,21,2,1,5,0,8,11,3,2,0,0,3,0.328,0.403,0.51,0.913,148,1517,924
86,Jordan Lyles,67,16,2021,30,TEX,AL,15,0,0,0,3,5,0.375,0,84.1,97,49,48,27,5.12,5.07,18.20%,7.30%,87,0.318,16,368,334,15,2,0,2,1,4,10,8,1,0,0,4,0.29,0.343,0.491,0.834,127,1353,860
87,Garrett Richards,67,16,2021,33,BOS,AL,16,0,0,0,4,5,0.444,0,81.2,99,50,45,39,4.96,4.85,17.90%,10.40%,94,0.346,11,375,329,23,1,0,4,0,3,13,6,1,0,0,5,0.301,0.379,0.477,0.856,130,1417,892
88,Jose Urquidy,66,14,2021,26,HOU,AL,14,0,0,0,6,3,0.667,0,77.1,61,29,29,13,3.38,4.01,21.80%,4.30%,129,0.233,12,303,288,15,1,0,1,1,0,1,1,1,0,0,2,0.212,0.248,0.396,0.644,73,1149,816
89,Jon Gray,65,14,2021,29,COL,NL,14,0,0,0,5,6,0.455,0,74,61,39,32,31,3.89,4.36,20.60%,9.80%,117,0.254,9,315,275,9,4,2,3,2,4,7,3,0,0,0,2,0.222,0.304,0.382,0.685,85,1220,753
90,Adrian Houser,65,16,2021,28,MIL,NL,15,0,0,0,5,5,0.5,0,82.1,77,39,36,34,3.94,4.63,18.70%,9.80%,105,0.286,11,348,306,11,1,0,2,4,1,8,9,6,1,1,6,0.252,0.329,0.402,0.731,104,1381,833
91,Drew Smyly,64,14,2021,32,ATL,NL,14,0,0,0,6,3,0.667,0,73.1,69,42,36,25,4.42,5.14,20.60%,8.00%,100,0.266,15,311,281,12,0,1,1,2,1,5,4,3,3,0,2,0.246,0.308,0.448,0.757,102,1247,812
92,Dylan Bundy,63,15,2021,28,LAA,AL,14,0,0,0,1,7,0.125,0,67,72,51,49,21,6.58,5.31,21.50%,7.20%,70,0.303,15,293,263,18,1,0,4,2,3,8,6,0,0,0,1,0.274,0.333,0.521,0.854,126,1121,746
93,Alex Cobb,63,11,2021,33,LAA,AL,11,0,0,0,5,3,0.625,0,53,52,34,30,17,5.09,2.65,27.80%,7.50%,91,0.35,3,227,205,9,2,0,3,1,1,6,3,0,0,0,2,0.254,0.319,0.361,0.68,84,924,592
94,Jake Arrieta,62,16,2021,35,CHC,NL,16,0,0,0,5,8,0.385,0,72.2,80,54,45,34,5.57,5.84,18.60%,10.20%,70,0.294,16,333,292,15,1,3,3,0,4,7,8,0,0,0,3,0.274,0.351,0.497,0.848,143,1276,787
95,Madison Bumgarner,62,12,2021,31,ARI,NL,12,1,1,0,4,5,0.444,0,59.2,57,41,38,18,5.73,4.47,24.00%,7.00%,73,0.294,10,258,230,18,1,1,6,2,2,2,6,1,0,1,2,0.248,0.316,0.465,0.782,118,1035,684
96,Griffin Canning,62,14,2021,25,LAA,AL,13,0,0,0,5,4,0.556,0,62.2,65,41,39,28,5.6,5.47,22.40%,10.10%,82,0.298,14,277,246,12,2,0,1,0,1,2,5,1,3,0,3,0.264,0.341,0.5,0.841,124,1080,676
97,Mike Foltynewicz,62,16,2021,29,TEX,AL,16,0,0,0,2,7,0.222,0,87,97,51,50,20,5.17,5.4,16.70%,5.40%,87,0.295,19,372,344,24,1,0,4,3,1,6,1,2,1,0,2,0.282,0.328,0.523,0.851,129,1427,936
98,Max Fried,62,12,2021,27,ATL,NL,12,0,0,0,5,4,0.556,0,62.2,60,31,29,22,4.16,3.93,23.20%,8.20%,107,0.312,7,267,236,14,0,0,5,1,3,5,1,2,3,0,4,0.254,0.327,0.403,0.73,97,1022,674
99,Martin Perez,62,16,2021,30,BOS,AL,16,0,0,0,6,4,0.6,0,75.2,82,39,34,26,4.04,4.38,18.70%,7.80%,115,0.32,9,332,297,15,0,1,7,0,2,7,4,2,0,0,1,0.276,0.346,0.418,0.764,106,1225,771
100,Matt Barnes,61,36,2021,31,BOS,AL,0,0,0,28,4,2,0.667,18,36,21,12,11,9,2.75,1.97,45.50%,6.70%,170,0.283,4,134,125,2,0,2,0,0,0,4,5,0,0,0,2,0.168,0.224,0.28,0.504,36,551,380
101,Shane McClanahan,61,11,2021,24,TBR,AL,11,0,0,0,3,2,0.6,0,50.2,48,24,23,16,4.09,3.75,28.90%,7.60%,97,0.317,8,211,195,11,0,0,0,0,0,3,3,1,0,0,3,0.246,0.303,0.426,0.729,107,825,551
102,Antonio Senzatela,60,16,2021,26,COL,NL,16,0,0,0,2,7,0.222,0,88.1,104,52,45,20,4.58,4.08,15.50%,5.20%,99,0.33,9,388,355,25,3,0,8,3,2,10,1,1,0,2,2,0.293,0.343,0.456,0.799,115,1386,876
103,J.A. Happ,59,15,2021,38,MIN,AL,15,0,0,0,4,4,0.5,0,75.1,89,53,51,24,6.09,5.43,17.60%,7.20%,68,0.313,16,335,306,20,5,0,3,0,2,5,4,1,0,0,2,0.291,0.346,0.546,0.892,147,1396,875
104,James Karinchak,59,37,2021,25,CLE,AL,0,0,0,20,4,2,0.667,9,34.2,15,12,10,20,2.6,3.07,41.80%,14.20%,177,0.193,4,141,119,2,1,0,1,0,1,0,4,0,0,0,3,0.126,0.255,0.261,0.516,41,622,384
105,Triston McKenzie,59,11,2021,23,CLE,AL,10,0,0,0,1,3,0.25,0,42.1,28,30,30,39,6.38,5.59,31.20%,20.60%,72,0.241,8,189,149,5,0,0,0,0,1,3,0,1,1,1,0,0.188,0.354,0.383,0.737,100,810,458
106,Scott Barlow,58,38,2021,28,KCR,AL,0,0,0,7,2,2,0.5,3,39.2,31,9,9,17,2.04,2,34.50%,10.10%,224,0.333,1,168,148,10,0,1,2,0,1,3,4,0,0,0,4,0.209,0.298,0.297,0.595,64,679,437
107,Johnny Cueto,58,13,2021,35,SFG,NL,13,0,0,0,6,4,0.6,0,72,79,34,32,14,4,4.06,19.10%,4.60%,99,0.324,10,304,280,18,3,1,3,6,1,7,0,0,3,0,0,0.282,0.322,0.475,0.797,124,1162,747
108,Matt Harvey,58,17,2021,32,BAL,AL,17,0,0,0,3,9,0.25,0,72.1,99,65,59,25,7.34,4.83,16.80%,7.20%,60,0.351,12,346,316,22,3,0,2,1,2,3,12,1,0,0,3,0.313,0.365,0.516,0.881,141,1359,855
109,Jose Quintana,58,13,2021,32,LAA,AL,9,0,0,0,0,3,0,0,39,46,34,30,27,6.92,4.26,30.50%,14.20%,67,0.404,6,190,161,11,0,0,0,0,2,1,3,1,1,0,5,0.286,0.384,0.466,0.85,129,818,491
110,Justus Sheffield,57,14,2021,25,SEA,AL,14,0,0,0,5,7,0.417,0,72,91,54,47,32,5.88,5.42,17.00%,9.60%,70,0.342,13,335,294,20,0,1,4,1,4,10,8,3,1,0,4,0.31,0.38,0.51,0.89,151,1267,783
111,Matthew Boyd,56,13,2021,30,DET,AL,13,0,0,0,3,6,0.333,0,70.2,66,30,27,19,3.44,3.74,18.80%,6.40%,126,0.286,6,298,269,13,1,0,6,1,3,6,1,1,1,0,4,0.245,0.306,0.368,0.674,89,1117,762
112,Raisel Iglesias,56,32,2021,31,LAA,AL,0,0,0,27,5,3,0.625,15,36.1,26,17,14,7,3.47,3.24,39.70%,5.00%,134,0.275,7,141,131,3,0,0,1,1,1,3,3,0,0,0,2,0.198,0.243,0.382,0.625,65,570,397
113,Zach Davies,55,17,2021,28,CHC,NL,17,0,0,0,5,5,0.5,0,83.1,75,41,40,44,4.32,4.54,15.20%,12.10%,90,0.277,6,363,309,19,1,0,5,4,1,6,4,1,1,0,0,0.243,0.345,0.369,0.714,106,1365,827
114,Danny Duffy,55,10,2021,32,KCR,AL,9,0,0,0,4,3,0.571,0,48,40,15,13,16,2.44,3.22,27.90%,8.10%,188,0.289,5,197,181,5,2,0,0,0,0,5,0,1,0,0,2,0.221,0.284,0.354,0.638,73,809,516
115,Josh Hader,55,33,2021,27,MIL,NL,0,0,0,22,3,0,1,20,32.2,12,2,2,12,0.55,0.89,45.50%,9.90%,752,0.222,0,121,108,3,0,0,0,0,1,0,3,1,0,2,3,0.111,0.198,0.139,0.337,-2,533,358
116,Corey Kluber,55,10,2021,35,NYY,AL,10,1,1,0,4,3,0.571,0,53.1,41,21,18,23,3.04,3.78,25.00%,10.50%,142,0.269,5,220,192,6,0,0,3,0,2,6,5,1,0,0,3,0.214,0.305,0.323,0.627,75,848,542
117,Carlos Martinez,55,15,2021,29,STL,NL,15,0,0,0,4,9,0.308,0,79,76,57,56,35,6.38,4.63,15.70%,10.00%,59,0.284,7,351,303,17,2,2,10,1,2,6,4,1,0,0,3,0.251,0.346,0.389,0.735,116,1237,791
118,Mike Mayers,55,39,2021,29,LAA,AL,0,0,0,5,2,3,0.4,2,39,41,19,19,16,4.38,4.31,32.00%,9.30%,106,0.359,8,172,155,9,0,0,1,0,0,1,1,1,0,0,0,0.265,0.337,0.477,0.815,117,700,442
119,Kenta Maeda,54,12,2021,33,MIN,AL,12,0,0,0,3,3,0.5,0,56.2,68,40,35,20,5.56,5,21.00%,7.80%,74,0.341,11,257,231,12,1,0,3,1,1,2,2,0,0,0,2,0.294,0.357,0.498,0.855,137,970,625
120,Logan Webb,54,10,2021,24,SFG,NL,9,0,0,0,4,3,0.571,0,49,46,23,21,17,3.86,3.3,26.10%,8.20%,103,0.331,4,207,185,9,0,0,4,1,0,9,6,1,0,0,1,0.249,0.325,0.362,0.687,97,782,488
121,Liam Hendriks,53,37,2021,32,CHW,AL,0,0,0,33,3,2,0.6,21,35,24,12,10,4,2.57,2.79,38.70%,2.90%,168,0.25,6,137,131,4,0,1,1,0,0,0,0,0,0,0,4,0.183,0.213,0.351,0.564,53,583,399
122,Dallas Keuchel,53,16,2021,33,CHW,AL,15,0,0,0,6,2,0.75,0,86.1,89,46,38,27,3.96,4.6,14.40%,7.30%,109,0.285,11,368,338,15,2,0,2,0,0,12,1,1,1,0,2,0.263,0.322,0.417,0.739,103,1395,862
123,Bruce Zimmermann,53,12,2021,26,BAL,AL,11,0,0,0,4,4,0.5,0,59.2,68,33,32,20,4.83,5.1,20.20%,7.60%,92,0.322,12,262,237,10,0,0,2,1,2,3,2,2,1,1,0,0.287,0.345,0.481,0.826,126,1007,633
124,Chris Flexen,52,14,2021,26,SEA,AL,14,0,0,0,6,3,0.667,0,79.1,86,36,35,17,3.97,3.84,16.00%,5.20%,104,0.315,8,326,303,14,4,0,1,0,5,14,2,0,3,0,1,0.284,0.319,0.436,0.755,113,1252,819
125,John Gant,52,17,2021,28,STL,NL,14,0,0,0,4,6,0.4,0,68,61,30,27,49,3.57,5.07,16.90%,15.90%,105,0.282,6,308,252,9,2,1,3,3,1,9,7,0,0,0,0,0.242,0.37,0.365,0.736,117,1249,734
126,James Kaprielian,52,9,2021,27,OAK,AL,9,0,0,0,4,2,0.667,0,50,36,17,17,19,3.06,4.42,25.60%,9.40%,133,0.23,8,203,181,8,1,0,2,0,1,3,3,0,1,0,1,0.199,0.281,0.387,0.668,88,821,518
127,Craig Kimbrel,52,31,2021,33,CHC,NL,0,0,0,27,1,2,0.333,20,30.1,10,5,2,10,0.59,1.15,46.40%,8.90%,658,0.184,1,112,101,2,0,0,0,0,1,1,1,0,0,1,2,0.099,0.179,0.149,0.327,-4,474,312
128,Alex Reyes,52,36,2021,26,STL,NL,0,0,0,34,5,2,0.714,20,39.2,18,5,4,31,0.91,3.54,31.30%,18.70%,416,0.198,2,166,134,2,0,1,0,0,1,1,6,1,0,1,7,0.134,0.295,0.194,0.489,48,684,390
129,Mitch Keller,51,12,2021,25,PIT,NL,12,0,0,0,3,7,0.3,0,47.1,56,37,37,29,7.04,4.96,22.40%,12.70%,58,0.358,7,228,193,15,2,1,3,1,2,1,6,1,0,0,2,0.29,0.388,0.497,0.885,151,927,574
130,Michael Pineda,51,11,2021,32,MIN,AL,11,0,0,0,3,4,0.429,0,56,49,25,23,15,3.7,4.46,22.10%,6.50%,112,0.253,10,231,213,8,1,0,0,1,2,1,2,3,1,0,0,0.23,0.278,0.418,0.696,93,882,599
131,Erick Fedde,50,11,2021,28,WSN,NL,11,0,0,0,4,4,0.5,0,55.1,43,25,24,25,3.9,4.41,21.70%,10.80%,97,0.252,7,231,199,9,0,5,1,5,1,3,5,3,0,0,0,0.216,0.305,0.367,0.672,95,913,558
132,Kwang Hyun Kim,50,13,2021,32,STL,NL,13,0,0,0,2,5,0.286,0,59.1,58,28,25,22,3.79,4.05,19.30%,8.50%,99,0.294,6,259,232,11,1,0,3,1,1,2,1,2,1,0,1,0.25,0.322,0.384,0.705,106,1020,626
133,Huascar Ynoa,50,9,2021,23,ATL,NL,8,0,0,0,4,2,0.667,0,44.2,36,16,15,11,3.02,3.76,27.90%,6.20%,147,0.264,7,179,167,8,1,0,1,0,0,3,1,0,0,0,2,0.216,0.268,0.401,0.669,79,700,454
134,Kolby Allard,49,16,2021,23,TEX,AL,6,0,0,3,2,4,0.333,0,52,45,20,20,11,3.46,3.66,23.20%,5.20%,130,0.264,7,211,199,7,1,0,0,0,1,2,1,0,0,0,3,0.226,0.265,0.377,0.642,75,857,568
135,Rex Brothers,49,31,2021,33,CHC,NL,0,0,0,4,2,1,0.667,1,28.2,18,11,11,16,3.45,3.09,40.80%,13.30%,113,0.306,3,120,100,2,0,1,3,0,1,3,1,0,0,0,1,0.18,0.308,0.29,0.598,75,524,309
136,Aroldis Chapman,49,31,2021,33,NYY,AL,0,0,0,23,5,2,0.714,16,28.2,20,14,12,19,3.77,3.54,40.20%,15.60%,115,0.333,4,122,100,5,0,2,0,2,1,0,1,0,0,0,1,0.2,0.325,0.37,0.695,91,471,296
137,Justin Dunn,49,11,2021,25,SEA,AL,11,0,0,0,1,3,0.25,0,50.1,37,21,21,29,3.75,4.73,22.50%,13.30%,110,0.238,6,218,184,4,1,0,4,0,1,1,10,0,0,0,1,0.201,0.321,0.332,0.653,87,870,545
138,Giovanny Gallegos,49,35,2021,29,STL,NL,0,0,0,3,5,2,0.714,1,42.2,20,12,12,10,2.53,2.69,31.40%,6.40%,149,0.187,3,156,142,4,0,1,3,0,1,2,1,2,1,0,4,0.141,0.212,0.232,0.444,31,632,417
139,Zac Gallen,49,9,2021,25,ARI,NL,9,1,1,0,1,4,0.2,0,41,36,20,19,21,4.17,4.11,26.80%,11.50%,100,0.295,5,183,157,7,1,0,3,0,2,2,0,0,0,0,3,0.229,0.328,0.382,0.71,101,719,437
140,Craig Stammen,49,35,2021,37,SDP,NL,1,0,0,2,3,1,0.75,1,47.2,40,15,15,7,2.83,3.64,25.90%,3.70%,130,0.27,7,189,178,4,0,0,3,1,0,6,7,0,0,0,0,0.225,0.266,0.365,0.631,84,703,455
141,Devin Williams,49,34,2021,26,MIL,NL,0,0,0,3,5,1,0.833,0,31,23,12,11,20,3.19,3.71,36.30%,14.80%,130,0.317,4,135,112,3,1,0,1,1,1,2,3,2,0,1,2,0.205,0.328,0.357,0.686,93,593,366
142,Trevor Williams,49,10,2021,29,CHC,NL,10,0,0,0,3,2,0.6,0,43.2,50,26,26,20,5.36,4.81,24.90%,10.20%,73,0.356,8,197,175,10,1,0,2,0,0,5,2,2,1,0,0,0.286,0.365,0.491,0.857,146,765,484
143,Tanner Scott,48,37,2021,26,BAL,AL,0,0,0,8,3,3,0.5,0,31.1,21,12,10,26,2.87,3.1,34.00%,18.40%,155,0.308,1,141,112,3,0,1,1,0,2,2,0,0,0,0,7,0.188,0.34,0.241,0.581,66,595,343
144,Jeffrey Springs,48,34,2021,28,TBR,AL,0,0,0,8,4,1,0.8,2,35.1,30,19,15,11,3.82,4.32,33.30%,7.60%,104,0.289,8,144,130,4,2,1,0,1,2,1,0,0,1,0,3,0.231,0.287,0.477,0.764,114,611,390
145,Eric Lauer,47,10,2021,26,MIL,NL,7,0,0,0,2,3,0.4,0,44,42,26,22,16,4.5,5.07,24.90%,8.50%,92,0.281,10,189,170,4,0,0,0,2,1,1,3,0,1,0,1,0.247,0.31,0.447,0.757,110,743,473
146,Phil Maton,47,28,2021,28,CLE,AL,1,0,0,2,2,0,1,0,32,30,19,19,14,5.34,3.44,34.30%,10.20%,86,0.377,4,137,117,13,0,0,3,0,3,2,2,3,2,0,0,0.256,0.343,0.47,0.813,118,576,379
147,Jose Urena,47,15,2021,29,DET,AL,15,0,0,0,2,8,0.2,0,72.1,87,55,50,33,6.22,5.33,14.10%,9.90%,70,0.318,11,333,296,21,2,0,3,0,1,8,3,3,0,0,2,0.294,0.369,0.49,0.859,139,1238,753
148,Wil Crowe,46,12,2021,26,PIT,NL,11,0,0,0,1,5,0.167,0,50.1,56,35,35,25,6.26,5.84,20.00%,10.90%,65,0.31,11,230,201,6,3,0,3,0,1,0,1,0,1,0,3,0.279,0.365,0.502,0.868,145,962,573
149,Patrick Sandoval,46,10,2021,24,LAA,AL,7,0,0,2,2,2,0.5,1,44,38,20,19,17,3.89,4.73,25.10%,9.30%,119,0.273,8,183,162,3,1,0,2,0,2,6,0,2,0,0,0,0.235,0.311,0.414,0.725,94,726,455
150,Will Smith,46,37,2021,31,ATL,NL,0,0,0,31,2,5,0.286,17,34.2,27,14,14,12,3.63,3.22,31.90%,8.30%,123,0.288,4,144,129,9,0,0,2,0,1,2,1,0,0,0,2,0.209,0.285,0.372,0.657,77,559,365
151,Tyler Wells,46,24,2021,26,BAL,AL,0,0,0,5,2,0,1,0,37.2,28,15,15,8,3.58,3.51,31.10%,5.40%,124,0.256,6,148,138,4,1,0,1,1,0,2,0,0,0,1,1,0.203,0.252,0.377,0.629,71,578,391
152,Daniel Bard,45,33,2021,36,COL,NL,0,0,0,25,4,4,0.5,11,34.1,38,19,16,15,4.19,3.71,28.50%,9.50%,109,0.382,4,158,138,13,2,0,4,1,0,2,5,1,0,0,2,0.275,0.363,0.486,0.849,128,644,423
153,Jake Diekman,45,35,2021,34,OAK,AL,0,0,0,12,2,1,0.667,6,33.1,26,14,12,17,3.24,4.51,31.30%,11.80%,126,0.27,6,144,124,4,1,1,2,0,1,2,0,1,0,0,3,0.21,0.313,0.403,0.716,102,625,387
154,Logan Gilbert,45,9,2021,24,SEA,AL,9,0,0,0,2,2,0.5,0,41.2,36,20,19,10,4.1,3.5,26.20%,5.80%,101,0.287,5,172,156,10,0,1,3,1,2,3,3,0,0,0,3,0.231,0.287,0.391,0.678,90,729,469
155,Michael Kopech,45,15,2021,25,CHW,AL,3,0,0,1,3,0,1,0,32.1,20,6,6,12,1.67,2.7,35.20%,9.40%,259,0.25,3,128,116,2,1,1,0,0,0,2,4,0,0,0,2,0.172,0.25,0.284,0.534,48,533,339
156,Dean Kremer,45,12,2021,25,BAL,AL,12,0,0,0,0,7,0,0,49.2,56,41,40,24,7.25,6.52,20.00%,10.70%,61,0.298,14,225,197,10,0,0,1,0,3,5,0,1,0,0,4,0.284,0.36,0.548,0.908,147,920,558
157,Austin Adams,44,36,2021,30,SDP,NL,0,0,0,9,2,2,0.5,0,28.1,14,10,6,15,1.91,3.02,35.20%,12.00%,195,0.275,0,125,93,4,1,1,13,2,2,2,3,1,0,0,0,0.151,0.341,0.215,0.557,68,503,305
158,Kris Bubic,44,14,2021,23,KCR,AL,7,0,0,2,2,4,0.333,0,52.1,52,30,29,27,4.99,6.12,19.20%,11.80%,92,0.278,12,229,200,9,1,0,2,0,0,8,0,1,0,0,0,0.26,0.354,0.495,0.849,129,907,553
159,Genesis Cabrera,44,38,2021,24,STL,NL,0,0,0,3,1,2,0.333,0,38,28,13,11,20,2.61,3,27.20%,12.40%,145,0.3,1,162,134,9,0,1,3,4,1,3,0,0,0,0,6,0.209,0.323,0.299,0.621,82,667,408
160,Jose Cisnero,44,37,2021,32,DET,AL,0,0,0,9,1,4,0.2,3,35,29,18,11,12,2.83,2.87,30.10%,8.20%,155,0.306,3,146,131,6,0,0,1,1,1,3,2,0,0,0,2,0.221,0.29,0.336,0.626,75,596,386
161,Collin McHugh,44,18,2021,34,TBR,AL,3,0,0,5,2,1,0.667,0,30.2,25,9,7,7,2.05,1.5,36.40%,5.80%,194,0.358,1,121,112,3,2,1,1,1,0,4,0,0,0,0,2,0.223,0.275,0.313,0.588,68,494,336
162,Taylor Rogers,44,32,2021,30,MIN,AL,0,0,0,12,2,3,0.4,7,33,31,12,10,6,2.73,2.22,32.80%,4.50%,152,0.354,3,134,124,6,0,2,0,2,2,5,0,0,0,0,3,0.25,0.28,0.371,0.651,81,500,358
163,Lucas Sims,44,28,2021,27,CIN,NL,0,0,0,9,4,1,0.8,7,28.2,23,18,16,15,5.02,3.44,34.90%,11.90%,92,0.333,3,126,104,8,0,3,4,0,3,1,1,1,0,1,2,0.221,0.333,0.385,0.718,93,519,324
164,Spencer Turnbull,44,9,2021,28,DET,AL,9,1,1,0,4,2,0.667,0,50,37,18,16,12,2.88,2.94,21.90%,6.00%,151,0.255,2,201,182,7,1,0,5,1,1,5,4,1,0,0,0,0.203,0.27,0.286,0.556,57,775,499
165,Michael Wacha,44,14,2021,29,TBR,AL,9,0,0,0,1,2,0.333,0,51.1,56,31,30,16,5.26,4.72,20.20%,7.30%,75,0.32,9,218,198,10,1,0,1,1,2,6,3,1,1,0,1,0.283,0.336,0.48,0.816,131,809,544
166,Aaron Bummer,43,32,2021,27,CHW,AL,0,0,0,3,1,4,0.2,2,30.1,26,16,11,17,3.26,2.96,32.10%,12.70%,133,0.338,2,134,115,1,0,1,1,0,1,4,2,2,1,0,2,0.226,0.328,0.287,0.615,74,520,317
167,Taylor Hearn,43,25,2021,26,TEX,AL,1,0,0,9,2,3,0.4,0,38.1,41,25,23,22,5.4,5.69,24.60%,12.60%,83,0.323,9,175,150,4,0,1,0,1,1,3,4,1,1,0,2,0.273,0.364,0.48,0.844,130,734,461
168,Heath Hembree,43,26,2021,32,CIN,NL,0,0,0,8,2,3,0.4,2,25.2,17,18,15,10,5.26,5.15,41.40%,9.60%,88,0.214,8,104,93,4,0,0,1,0,0,0,2,1,0,0,0,0.183,0.269,0.484,0.753,98,502,317
169,Lucas Luetge,43,30,2021,34,NYY,AL,0,0,0,7,2,1,0.667,0,40,36,17,14,7,3.15,3.39,25.90%,4.20%,137,0.29,5,166,155,9,1,0,3,0,0,2,1,0,0,0,4,0.232,0.279,0.4,0.679,85,640,395
170,Alek Manoah,43,7,2021,23,TOR,AL,7,0,0,0,2,0,1,0,36.2,25,13,11,12,2.7,4.44,29.10%,8.10%,167,0.214,7,148,134,4,0,0,2,0,0,2,0,0,0,1,0,0.187,0.264,0.373,0.637,72,620,407
171,Ryan Pressly,43,32,2021,32,HOU,AL,0,0,0,26,4,1,0.8,13,34,24,9,6,5,1.59,1.45,33.60%,3.90%,275,0.291,1,128,123,3,0,1,0,0,0,3,2,0,0,0,1,0.195,0.227,0.244,0.47,30,511,356
172,Cole Sulser,43,27,2021,31,BAL,AL,0,0,0,8,2,0,1,3,30.2,21,7,7,12,2.05,2.38,35.00%,9.80%,217,0.288,2,123,110,5,0,0,0,0,1,1,1,0,0,0,4,0.191,0.268,0.291,0.559,56,530,350
173,Duane Underwood Jr.,43,27,2021,26,PIT,NL,0,0,0,4,2,2,0.5,0,45.2,44,23,20,17,3.94,3.44,21.90%,8.70%,104,0.315,3,196,173,11,1,0,3,0,3,8,4,1,0,0,1,0.254,0.327,0.382,0.708,102,718,448
174,Garrett Whitlock,43,23,2021,25,BOS,AL,0,0,0,6,3,1,0.75,1,40,34,11,7,11,1.57,3.21,26.50%,6.80%,296,0.291,4,162,148,6,0,1,1,0,2,3,3,2,1,0,2,0.23,0.284,0.351,0.635,71,644,428
175,Jose Alvarado,42,33,2021,26,PHI,NL,0,0,0,6,5,0,1,3,31,21,17,14,27,4.06,4.71,29.80%,19.20%,98,0.277,3,141,110,3,0,2,4,0,0,3,4,2,2,0,6,0.191,0.369,0.3,0.669,96,600,357
176,Tejay Antone,42,22,2021,27,CIN,NL,0,0,0,4,2,0,1,3,33.2,17,7,7,12,1.87,3.16,33.10%,9.50%,247,0.209,3,127,112,2,0,0,3,0,0,5,3,0,0,0,1,0.152,0.252,0.25,0.502,36,524,348
177,Jake Brentz,42,39,2021,26,KCR,AL,0,0,0,5,2,1,0.667,0,37.1,22,14,12,25,2.89,4.12,26.30%,15.60%,158,0.221,3,160,128,2,2,1,2,2,3,3,0,1,0,2,3,0.172,0.31,0.289,0.599,65,630,380
178,Diego Castillo,42,30,2021,27,TBR,AL,0,0,0,21,2,4,0.333,12,30,24,14,11,9,3.3,3.43,34.70%,7.40%,121,0.302,5,121,108,5,0,2,0,2,2,1,3,0,1,0,1,0.222,0.277,0.407,0.685,92,478,317
179,Paul Fry,42,32,2021,28,BAL,AL,0,0,0,10,2,3,0.4,2,31,24,13,13,16,3.77,2.29,31.60%,12.00%,118,0.338,0,133,112,1,0,0,3,1,1,2,3,0,0,0,2,0.214,0.326,0.223,0.549,57,523,327
180,Michael Fulmer,42,25,2021,28,DET,AL,4,0,0,11,4,4,0.5,6,40,41,21,18,11,4.05,4.06,24.10%,6.30%,108,0.313,6,174,160,4,0,0,3,0,0,1,1,0,0,0,1,0.256,0.316,0.394,0.71,98,682,428
181,Chi Chi Gonzalez,42,16,2021,29,COL,NL,12,0,0,0,2,5,0.286,0,76.2,88,47,47,20,5.52,5.17,12.90%,6.20%,83,0.307,13,325,297,20,1,0,3,3,2,11,2,2,0,0,2,0.296,0.345,0.502,0.846,126,1192,794
182,Marco Gonzales,42,9,2021,29,SEA,AL,9,0,0,0,1,4,0.2,0,47.2,47,27,27,18,5.1,5.32,20.80%,8.90%,81,0.282,10,202,182,16,0,2,1,0,1,5,1,1,0,0,0,0.258,0.327,0.511,0.838,134,777,494
183,Bryan Shaw,42,35,2021,33,CLE,AL,0,0,0,3,2,3,0.4,1,33.1,19,13,12,27,3.24,4.24,28.60%,18.40%,142,0.213,3,147,120,5,0,0,0,0,0,1,1,0,0,0,4,0.158,0.313,0.275,0.588,62,629,376
184,Ryne Stanek,42,36,2021,29,HOU,AL,0,0,0,5,1,1,0.5,1,34.1,25,19,17,22,4.46,5.26,27.60%,14.50%,98,0.244,6,152,126,6,0,2,4,0,0,2,1,0,0,0,2,0.198,0.336,0.389,0.724,99,599,361
185,Edwin Diaz,41,32,2021,27,NYM,NL,0,0,0,26,2,2,0.5,17,31.2,22,11,10,10,2.84,1.8,33.10%,8.10%,136,0.319,0,124,109,3,1,1,3,1,1,1,3,3,0,0,1,0.202,0.285,0.248,0.532,57,498,329
186,Sam Hentges,41,14,2021,24,CLE,AL,7,0,0,0,1,3,0.25,0,38.1,57,36,35,22,8.22,5.12,21.80%,11.70%,56,0.427,7,188,163,13,0,0,0,1,2,5,4,0,0,0,8,0.35,0.422,0.558,0.981,162,741,426
187,Joey Lucchesi,41,11,2021,28,NYM,NL,8,0,0,1,1,4,0.2,0,38.1,34,20,19,11,4.46,3.39,26.10%,7.00%,86,0.313,4,157,139,8,2,0,2,2,2,6,2,1,1,0,1,0.245,0.305,0.417,0.722,107,646,409
188,Emilio Pagan,41,36,2021,30,SDP,NL,0,0,0,6,4,0,1,0,33.1,26,14,13,10,3.51,3.73,29.90%,7.30%,105,0.266,5,137,125,8,1,0,2,0,0,0,2,1,0,0,0,0.208,0.277,0.408,0.685,99,593,389
189,Josh Sborz,41,32,2021,27,TEX,AL,0,0,0,6,3,3,0.5,1,30,26,19,16,14,4.8,3.56,31.30%,10.70%,94,0.306,4,131,116,5,1,1,0,0,1,0,4,0,0,0,3,0.224,0.305,0.388,0.693,90,542,349
190,Brent Suter,41,32,2021,31,MIL,NL,1,0,0,3,8,3,0.727,0,41.1,42,19,16,14,3.48,4.08,22.90%,7.80%,119,0.308,6,179,164,7,1,2,0,1,0,2,0,0,0,0,0,0.256,0.315,0.421,0.735,105,678,447
191,Ryan Tepera,41,37,2021,33,CHC,NL,0,0,0,3,0,2,0,1,37.2,19,14,14,12,3.35,3.13,28.30%,8.30%,116,0.184,3,145,128,5,0,0,2,0,3,3,0,0,0,0,1,0.148,0.228,0.258,0.485,41,557,361
192,Framber Valdez,41,7,2021,27,HOU,AL,7,1,0,0,5,1,0.833,0,45.1,33,13,11,14,2.18,3.62,22.40%,7.70%,200,0.242,4,183,164,4,0,0,3,1,1,4,1,0,0,0,4,0.201,0.275,0.299,0.574,58,668,416
193,Josh Fleming,40,13,2021,25,TBR,AL,6,0,0,0,6,4,0.6,0,66.1,54,26,25,16,3.39,4.14,15.00%,6.00%,117,0.236,7,266,246,9,0,1,2,2,0,6,0,0,0,0,0,0.22,0.273,0.341,0.614,75,979,642
194,Chad Green,40,32,2021,30,NYY,AL,0,0,0,5,2,4,0.333,2,40,24,13,11,8,2.48,3.39,27.40%,5.50%,175,0.207,5,146,137,4,0,1,0,1,0,4,2,2,0,0,2,0.175,0.221,0.314,0.535,46,595,386
195,Jesus Luzardo,40,13,2021,23,OAK,AL,6,0,0,1,2,4,0.333,0,38,46,32,29,16,6.87,6.08,23.10%,9.30%,59,0.333,11,173,155,7,0,0,0,1,1,3,0,1,1,0,3,0.297,0.36,0.555,0.915,155,662,403
196,Trevor May,40,32,2021,31,NYM,NL,0,0,0,10,2,2,0.5,1,29.2,29,14,11,8,3.34,3.46,32.30%,6.50%,116,0.338,5,124,116,3,1,1,0,0,0,2,2,0,0,0,5,0.25,0.298,0.422,0.721,108,523,345
197,Jimmy Nelson,40,23,2021,32,LAD,NL,1,0,0,4,1,1,0.5,0,25,12,7,6,13,2.16,1.64,40.40%,13.10%,176,0.273,0,99,84,4,0,0,1,1,0,2,3,0,0,1,4,0.143,0.265,0.19,0.456,35,453,272
198,Hirokazu Sawamura,40,30,2021,33,BOS,AL,0,0,0,3,4,0,1,0,31.2,25,13,9,17,2.56,4.8,29.20%,12.40%,183,0.26,6,137,118,8,0,3,1,0,1,3,0,0,0,0,2,0.212,0.314,0.432,0.746,100,576,352
199,Matt Shoemaker,40,16,2021,34,MIN,AL,11,0,0,4,3,8,0.273,0,60.1,73,56,54,27,8.06,6.56,14.10%,9.50%,51,0.296,15,284,246,14,0,1,3,2,5,2,7,0,2,0,1,0.297,0.367,0.537,0.903,150,1064,683
200,Caleb Thielbar,40,27,2021,34,MIN,AL,0,0,0,6,2,0,1,0,30.1,26,11,11,9,3.26,2.8,32.30%,7.30%,128,0.329,3,124,112,7,0,1,1,1,1,3,1,1,1,0,3,0.232,0.293,0.375,0.668,86,527,348
201,Trent Thornton,40,25,2021,27,TOR,AL,3,0,0,3,1,3,0.25,0,37,37,24,17,14,4.14,5.54,24.80%,8.70%,109,0.298,9,161,142,8,0,1,3,1,1,3,4,1,0,0,2,0.261,0.338,0.507,0.845,127,673,428
202,David Bednar,39,35,2021,26,PIT,NL,0,0,0,12,1,1,0.5,0,31,24,12,12,11,3.48,3.81,31.20%,8.80%,118,0.271,5,125,113,3,2,0,0,0,1,1,3,0,0,0,0,0.212,0.28,0.407,0.687,94,510,344
203,Jeff Hoffman,39,10,2021,28,CIN,NL,10,0,0,0,3,4,0.429,0,41,38,25,21,27,4.61,4.65,20.70%,14.40%,100,0.296,4,188,156,9,1,1,2,1,2,4,3,0,1,0,4,0.244,0.358,0.391,0.749,102,773,461
204,Jon Lester,39,12,2021,37,WSN,NL,12,0,0,0,2,3,0.4,0,57.1,67,34,34,22,5.34,5.44,15.30%,8.60%,71,0.308,11,255,230,15,0,2,0,1,2,4,7,4,0,0,0,0.291,0.35,0.5,0.85,146,1005,624
205,Jonathan Loaisiga,39,33,2021,26,NYY,AL,0,0,0,4,7,3,0.7,2,42.2,33,13,11,9,2.32,2.71,23.40%,5.40%,186,0.274,2,167,153,3,1,0,2,2,1,6,2,0,0,0,4,0.216,0.267,0.288,0.554,53,632,425
206,Tyler Matzek,39,32,2021,30,ATL,NL,0,0,0,7,0,2,0,0,29.2,21,12,11,20,3.34,3.43,30.70%,15.80%,134,0.302,2,127,104,4,0,1,0,3,0,3,0,1,1,0,6,0.202,0.331,0.298,0.629,71,529,311
207,Adam Ottavino,39,37,2021,35,BOS,AL,0,0,0,8,2,2,0.5,6,34,25,12,10,19,2.65,2.72,26.90%,13.10%,177,0.294,0,145,124,7,0,0,2,0,0,3,10,0,0,0,2,0.202,0.317,0.258,0.575,59,607,378
208,Cal Quantrill,39,24,2021,26,CLE,AL,6,0,0,2,0,2,0,0,50.1,54,25,23,17,4.11,3.9,17.70%,7.70%,111,0.325,4,221,194,9,2,0,4,3,3,6,1,0,0,0,3,0.278,0.344,0.407,0.751,101,827,522
209,Brooks Raley,39,35,2021,33,HOU,AL,0,0,0,5,2,3,0.4,1,29.1,32,24,20,9,6.14,2.85,29.80%,6.90%,71,0.372,3,131,120,5,0,0,1,1,0,0,2,0,0,1,0,0.267,0.323,0.383,0.706,93,537,338
210,Chris Stratton,39,33,2021,30,PIT,NL,0,0,0,3,2,0,1,1,43.2,36,14,13,14,2.68,3.53,22.00%,7.90%,153,0.267,4,177,160,7,0,0,0,0,3,4,1,0,0,0,2,0.225,0.282,0.344,0.626,78,690,449
211,Ryan Weathers,39,15,2021,21,SDP,NL,9,0,0,1,3,2,0.6,1,51.1,40,15,15,17,2.63,4.27,19.00%,8.30%,140,0.243,6,205,184,9,0,1,2,1,1,5,2,0,5,0,0,0.217,0.289,0.364,0.653,91,871,536
212,Keegan Akin,38,11,2021,26,BAL,AL,7,0,0,1,0,4,0,0,41,53,34,34,16,7.46,5.33,20.40%,8.60%,60,0.358,9,186,168,8,0,0,0,0,2,4,0,1,0,0,1,0.315,0.371,0.524,0.895,145,783,521
213,Michael King,38,13,2021,26,NYY,AL,6,0,0,2,0,4,0,0,44.1,43,23,20,20,4.06,4.54,19.30%,10.20%,106,0.297,5,197,170,10,0,1,4,1,1,3,0,0,0,0,3,0.253,0.344,0.4,0.744,105,720,460
214,Andrew Kittredge,38,30,2021,31,TBR,AL,4,0,0,4,5,1,0.833,2,39,25,10,7,10,1.62,3.54,25.30%,6.70%,246,0.221,4,150,136,7,0,3,3,0,1,2,2,1,0,0,2,0.184,0.253,0.324,0.577,65,511,352
215,Dinelson Lamet,38,11,2021,28,SDP,NL,9,0,0,0,2,3,0.4,0,34.1,37,15,14,11,3.67,3.51,25.50%,7.40%,101,0.351,4,149,135,8,0,0,1,1,1,3,3,0,0,0,2,0.274,0.331,0.422,0.753,120,583,387
216,Jake Odorizzi,38,9,2021,31,HOU,AL,8,0,0,0,2,3,0.4,0,35.1,24,16,16,10,4.08,3.7,27.30%,7.20%,107,0.224,5,139,127,3,1,0,0,1,1,0,1,1,0,0,0,0.189,0.246,0.346,0.593,60,632,406
217,Zach Plesac,38,10,2021,26,CLE,AL,10,0,0,0,4,3,0.571,0,58.2,48,29,27,12,4.14,4.52,16.20%,5.10%,110,0.224,9,235,220,7,1,1,1,0,1,3,1,1,1,0,2,0.218,0.261,0.382,0.643,71,881,596
218,Jordan Romano,38,30,2021,28,TOR,AL,0,0,0,14,4,1,0.8,6,29.2,18,6,4,14,1.21,2.01,31.70%,11.70%,372,0.265,0,120,106,6,0,0,0,0,0,0,7,1,0,0,0,0.17,0.267,0.226,0.493,38,497,307
219,Paul Sewald,38,21,2021,31,SEA,AL,0,0,0,5,5,2,0.714,1,21.2,11,5,4,11,1.66,1.18,42.70%,12.40%,252,0.275,0,89,78,4,0,1,0,0,0,0,3,0,0,0,0,0.141,0.247,0.192,0.439,28,390,262
220,Gregory Soto,38,35,2021,26,DET,AL,0,0,0,20,4,1,0.8,6,33,22,10,8,19,2.18,3.37,27.50%,13.80%,200,0.256,2,138,117,4,0,1,0,1,1,1,1,0,0,0,8,0.188,0.299,0.274,0.573,63,593,361
221,Luke Weaver,38,8,2021,27,ARI,NL,8,0,0,0,2,3,0.4,0,40,35,20,20,13,4.5,4.26,22.80%,7.80%,93,0.271,6,167,150,8,4,2,1,2,1,2,2,0,1,0,0,0.233,0.297,0.46,0.757,110,673,445
222,Matt Andriese,37,24,2021,31,BOS,AL,0,0,0,6,2,2,0.5,1,36,50,24,21,10,5.25,4.72,22.20%,6.00%,89,0.394,7,167,152,7,2,0,3,1,1,5,3,0,0,1,0,0.329,0.38,0.539,0.919,145,644,414
223,Brad Boxberger,37,36,2021,33,MIL,NL,0,0,0,9,3,2,0.6,3,33.2,22,14,12,14,3.21,4.2,26.40%,10.00%,129,0.234,4,140,116,2,1,1,5,2,2,1,3,0,0,0,3,0.19,0.299,0.328,0.627,75,571,354
224,Miguel Castro,37,31,2021,26,NYM,NL,2,0,0,3,2,2,0.5,0,32.2,22,14,12,21,3.31,5,26.20%,14.90%,117,0.224,5,141,118,3,0,0,2,0,0,3,4,1,0,0,5,0.186,0.319,0.339,0.658,93,579,339
225,Emmanuel Clase,37,35,2021,23,CLE,AL,0,0,0,24,3,2,0.6,11,33.2,28,10,4,13,1.07,2.12,25.90%,9.10%,429,0.304,0,143,129,1,1,2,0,1,0,4,2,0,0,1,2,0.217,0.289,0.24,0.529,46,521,347
226,Nabil Crismatt,37,20,2021,26,SDP,NL,0,0,0,8,2,1,0.667,0,38.2,41,20,17,14,3.96,4.07,21.90%,8.30%,93,0.346,4,169,148,8,0,2,5,2,0,7,1,2,0,0,3,0.277,0.359,0.412,0.771,126,600,374
227,Kenley Jansen,37,32,2021,33,LAD,NL,0,0,0,26,0,2,0,20,32.2,11,8,5,20,1.38,3.22,29.40%,15.90%,275,0.152,1,126,102,1,0,3,1,1,2,3,8,0,0,0,3,0.108,0.256,0.147,0.403,20,497,315
228,John King,37,26,2021,26,TEX,AL,0,0,0,6,6,5,0.545,0,44,37,20,14,11,2.86,2.8,20.30%,6.00%,157,0.281,1,182,166,6,0,1,4,1,0,4,1,0,0,0,2,0.223,0.287,0.277,0.564,57,647,437
229,Jake McGee,37,34,2021,34,SFG,NL,0,0,0,20,3,2,0.6,15,32.1,22,16,11,6,3.06,3.53,28.90%,4.70%,130,0.215,5,128,120,3,0,1,1,0,1,0,0,0,0,0,0,0.183,0.227,0.333,0.56,58,456,333
230,Hector Neris,37,33,2021,32,PHI,NL,0,0,0,26,1,5,0.167,11,30.2,25,16,12,14,3.52,4.63,27.60%,10.50%,113,0.274,5,134,114,3,1,0,4,1,1,3,1,0,1,0,2,0.219,0.323,0.395,0.718,105,558,361
231,Johan Oviedo,37,11,2021,23,STL,NL,10,0,0,0,0,4,0,0,49,50,33,28,26,5.14,5.28,16.50%,11.60%,73,0.287,7,224,193,10,1,1,3,1,1,4,1,1,0,0,2,0.259,0.354,0.43,0.784,129,834,514
232,Trevor Stephan,37,22,2021,25,CLE,AL,0,0,0,9,1,0,1,0,31.1,31,16,15,18,4.31,6.03,25.50%,12.40%,107,0.288,8,145,125,5,0,0,2,0,0,1,2,1,0,0,0,0.248,0.352,0.48,0.832,123,624,383
233,Ryan Thompson,37,36,2021,29,TBR,AL,0,0,0,2,3,2,0.6,0,34,26,11,9,9,2.38,3.1,27.60%,6.70%,167,0.277,3,134,123,8,1,2,2,0,0,4,2,0,0,0,1,0.211,0.276,0.366,0.642,83,483,338
234,Blake Treinen,37,32,2021,33,LAD,NL,0,0,0,4,2,3,0.4,3,31.2,28,13,11,10,3.13,3.19,27.80%,7.50%,121,0.309,3,133,120,3,0,1,2,0,1,2,7,3,1,0,2,0.233,0.301,0.333,0.634,84,481,314
235,Alex Young,37,29,2021,27,ARI,NL,2,0,0,7,2,6,0.25,0,38.2,43,27,25,19,5.82,5.41,21.10%,10.90%,72,0.321,8,175,152,4,2,3,0,2,2,3,0,0,0,0,2,0.283,0.358,0.493,0.852,138,687,438
236,Ross Detwiler,36,30,2021,35,MIA,NL,2,0,0,3,1,0,1,0,30.2,22,11,11,11,3.23,2.61,27.90%,8.50%,126,0.269,1,129,112,5,1,0,3,0,3,1,5,0,0,0,0,0.196,0.279,0.286,0.565,62,499,329
237,Kyle Finnegan,36,33,2021,29,WSN,NL,0,0,0,2,3,2,0.6,0,30.1,32,19,13,17,3.86,4.18,25.70%,12.10%,99,0.337,4,140,123,6,0,1,0,0,0,2,3,0,0,0,4,0.26,0.35,0.407,0.757,122,594,380
238,Tim Hill,36,40,2021,31,SDP,NL,0,0,0,4,5,3,0.625,1,33,28,18,9,12,2.45,3.83,25.20%,8.40%,151,0.273,4,143,126,4,1,4,2,1,2,3,0,0,0,0,1,0.222,0.296,0.365,0.661,93,550,362
239,Anthony Kay,36,8,2021,26,TOR,AL,5,0,0,0,1,2,0.333,0,30,28,16,15,13,4.5,4.53,27.50%,9.90%,100,0.311,5,131,115,7,1,0,3,0,0,2,0,2,0,0,2,0.243,0.336,0.452,0.788,114,555,345
240,Adam Plutko,36,28,2021,29,BAL,AL,1,0,0,2,1,2,0.333,1,41.2,42,25,24,17,5.18,5.99,20.00%,9.40%,86,0.283,10,180,157,9,0,0,3,1,2,5,0,1,0,0,2,0.268,0.346,0.516,0.862,135,710,426
241,Lou Trivino,36,38,2021,29,OAK,AL,0,0,0,25,3,3,0.5,13,39.1,29,13,9,17,2.06,3.69,22.80%,10.80%,197,0.257,3,158,139,4,0,2,1,0,1,5,3,0,0,0,4,0.209,0.297,0.302,0.6,72,614,382
242,Austin Voth,36,26,2021,29,WSN,NL,1,0,0,5,2,0,1,0,36,29,15,15,14,3.75,4.22,25.20%,9.80%,102,0.279,5,143,127,5,0,2,1,1,0,5,0,4,0,0,1,0.228,0.31,0.386,0.696,103,567,360
243,Jarlin Garcia,35,25,2021,28,SFG,NL,0,0,0,6,0,2,0,1,28.2,16,13,11,12,3.45,3.89,31.00%,10.60%,116,0.197,4,113,100,7,0,1,1,0,0,0,1,2,2,1,1,0.16,0.257,0.35,0.607,72,457,297
244,Darwinzon Hernandez,35,32,2021,24,BOS,AL,0,0,0,4,2,2,0.5,0,26.1,20,10,8,22,2.73,4.22,28.90%,18.20%,171,0.305,2,121,94,4,0,0,2,1,2,1,0,2,0,0,3,0.213,0.367,0.319,0.686,88,499,297
245,Clay Holmes,35,36,2021,28,PIT,NL,0,0,0,8,2,2,0.5,0,35.1,29,18,17,21,4.33,4.04,22.00%,13.20%,95,0.281,2,159,133,4,0,1,4,1,0,4,2,0,0,1,5,0.218,0.342,0.293,0.635,84,613,377
246,Sam Howard,35,35,2021,28,PIT,NL,0,0,0,2,2,2,0.5,0,27.1,18,14,14,18,4.61,4.59,30.20%,15.50%,89,0.241,4,116,96,3,0,0,1,0,1,3,3,0,0,0,2,0.188,0.319,0.344,0.663,90,512,305
247,Daniel Hudson,35,23,2021,34,WSN,NL,0,0,0,1,4,1,0.8,0,24.1,15,7,7,7,2.59,2.75,37.20%,7.50%,148,0.245,3,94,85,4,0,0,0,0,2,1,1,0,0,0,1,0.176,0.234,0.329,0.563,64,387,251
248,Pierce Johnson,35,29,2021,30,SDP,NL,0,0,0,5,2,2,0.5,0,24.2,20,9,9,10,3.28,3.12,34.70%,9.90%,113,0.321,3,101,91,2,0,1,0,0,0,4,1,0,0,0,3,0.22,0.297,0.341,0.638,88,418,266
249,Jakob Junis,35,15,2021,28,KCR,AL,5,0,0,1,2,3,0.4,0,34.2,39,21,20,11,5.19,4.34,23.50%,7.40%,88,0.34,6,149,136,7,0,0,0,0,2,3,0,1,0,0,2,0.287,0.336,0.471,0.806,117,549,353
250,Chad Kuhl,35,10,2021,28,PIT,NL,10,0,0,0,2,5,0.286,0,45.1,38,31,26,28,5.16,5.65,17.30%,13.90%,79,0.256,6,202,162,9,0,0,7,1,4,7,3,1,0,0,5,0.235,0.363,0.401,0.764,118,826,473
251,Dustin May,35,5,2021,23,LAD,NL,5,0,0,0,1,1,0.5,0,23,16,8,7,6,2.74,3.29,37.60%,6.50%,139,0.255,4,93,86,2,0,0,1,0,0,0,2,1,0,0,0,0.186,0.247,0.349,0.596,71,369,244
252,Alec Mills,35,17,2021,29,CHC,NL,5,0,0,4,3,2,0.6,1,42.2,47,25,23,15,4.85,4.14,18.60%,8.00%,80,0.336,4,188,167,10,0,1,5,1,0,5,1,1,0,0,2,0.281,0.358,0.413,0.771,123,700,435
253,Hansel Robles,35,36,2021,30,MIN,AL,0,0,0,12,3,4,0.429,7,35,27,19,16,20,4.11,4.53,23.70%,13.50%,101,0.264,4,148,126,9,0,1,2,0,0,4,5,1,0,0,1,0.214,0.331,0.381,0.712,101,627,402
254,Josh Staumont,35,29,2021,27,KCR,AL,0,0,0,14,0,2,0,5,32,25,15,14,17,3.94,4.38,25.40%,12.30%,117,0.263,4,138,119,7,0,1,2,0,0,2,2,0,0,0,1,0.21,0.319,0.37,0.689,88,563,331
255,Josh Taylor,35,33,2021,28,BOS,AL,0,0,0,5,0,0,,0,27.2,26,9,9,12,2.93,2.51,29.40%,10.10%,160,0.357,1,119,106,5,0,1,1,0,0,0,1,0,0,0,2,0.245,0.328,0.321,0.648,77,461,284
256,Steve Cishek,34,39,2021,35,LAA,AL,0,0,0,5,0,0,,0,36,29,18,13,22,3.25,3.35,21.10%,13.70%,142,0.284,0,161,133,7,0,4,3,0,3,5,1,0,1,2,4,0.218,0.335,0.271,0.606,68,648,394
257,John Curtiss,34,29,2021,28,MIA,NL,1,0,0,5,3,1,0.75,0,33.2,31,12,10,8,2.67,3.1,24.60%,5.80%,152,0.304,3,138,129,7,1,0,1,0,0,2,2,0,0,0,1,0.24,0.29,0.38,0.67,90,521,352
258,Anthony Misiewicz,34,36,2021,26,SEA,AL,0,0,0,8,3,3,0.5,0,31.2,32,16,16,9,4.55,4.01,25.60%,6.80%,91,0.325,5,133,121,6,0,2,1,1,1,5,0,0,0,0,4,0.264,0.318,0.438,0.756,112,530,354
259,Matt Peacock,34,19,2021,27,ARI,NL,7,0,0,6,2,6,0.25,0,53.1,70,38,34,17,5.74,4.85,13.90%,6.90%,73,0.337,8,245,224,18,2,3,1,1,2,2,1,0,0,1,1,0.313,0.361,0.518,0.879,145,875,550
260,Nick Sandlin,34,20,2021,24,CLE,AL,0,0,0,3,1,0,1,0,22,9,5,5,11,2.05,1.84,39.10%,12.60%,226,0.225,0,87,74,4,1,0,2,0,0,1,0,1,0,0,0,0.122,0.253,0.203,0.456,26,398,242
261,Jose De Leon,33,9,2021,28,CIN,NL,2,0,0,1,0,1,0,0,18.1,22,17,17,11,8.35,4.52,36.30%,12.10%,56,0.439,4,91,76,5,0,0,2,0,2,0,0,0,0,0,3,0.289,0.385,0.513,0.898,139,347,227
262,Brad Hand,33,33,2021,31,WSN,NL,0,0,0,29,4,2,0.667,18,34.2,25,14,10,12,2.6,4.14,23.10%,8.40%,147,0.239,4,143,124,3,1,3,4,2,1,1,2,0,0,0,0,0.202,0.291,0.339,0.629,83,543,343
263,Codi Heuer,33,32,2021,24,CHW,AL,0,0,0,1,4,1,0.8,0,31.1,40,19,19,6,5.46,3.38,24.40%,4.40%,79,0.404,4,135,125,6,2,0,1,2,1,3,0,1,0,0,1,0.32,0.353,0.496,0.849,131,505,340
264,Greg Holland,33,34,2021,35,KCR,AL,0,0,0,16,2,3,0.4,5,32.1,28,15,14,17,3.9,5.11,23.20%,12.00%,118,0.256,6,142,125,3,1,1,0,0,0,1,1,0,0,1,5,0.224,0.317,0.408,0.725,96,607,376
265,Riley Smith,33,20,2021,26,ARI,NL,6,0,0,3,1,4,0.2,1,61.1,79,42,41,15,6.02,5.08,12.00%,5.50%,69,0.325,10,274,253,22,2,2,3,1,2,7,2,2,1,0,0,0.312,0.355,0.534,0.889,148,967,634
266,Tyler Alexander,32,23,2021,26,DET,AL,2,0,0,6,0,1,0,0,34.2,42,19,18,6,4.67,4.54,20.70%,3.90%,94,0.321,7,155,147,6,0,0,1,0,1,1,1,0,0,0,0,0.286,0.316,0.469,0.786,117,546,385
267,Trevor Cahill,32,9,2021,33,PIT,NL,8,0,0,1,1,5,0.167,0,37,42,29,27,14,6.57,4.05,19.30%,8.40%,62,0.333,4,166,147,6,1,0,1,1,3,4,3,0,0,0,2,0.286,0.345,0.422,0.767,118,663,409
268,Tyler Chatwood,32,30,2021,31,TOR,AL,0,0,0,3,1,2,0.333,1,28,20,17,17,20,5.46,3.8,25.60%,16.00%,83,0.275,1,125,102,3,0,0,3,0,0,4,1,0,0,0,1,0.196,0.344,0.255,0.599,69,505,283
269,Taylor Clarke,32,30,2021,28,ARI,NL,0,0,0,5,1,0,1,0,33.2,34,15,14,9,3.74,3.22,22.50%,6.30%,112,0.316,3,142,133,9,0,2,0,0,0,2,2,0,0,0,2,0.256,0.303,0.391,0.694,95,541,353
270,Amir Garrett,32,33,2021,29,CIN,NL,0,0,0,9,0,2,0,5,25,23,20,20,16,7.2,6.68,28.80%,14.40%,64,0.278,8,111,94,4,0,3,0,1,0,1,3,0,0,0,1,0.245,0.355,0.543,0.897,136,412,255
271,Junior Guerra,32,22,2021,36,LAA,AL,1,0,0,10,2,1,0.667,0,39,31,23,22,28,5.08,5.16,18.30%,16.00%,91,0.248,4,175,144,4,0,1,2,0,1,7,3,0,0,2,8,0.215,0.349,0.326,0.675,85,700,402
272,Tyler Kinley,32,34,2021,30,COL,NL,0,0,0,3,1,2,0.333,0,35.1,27,18,18,17,4.58,5.17,21.30%,11.30%,100,0.228,6,150,128,4,4,1,2,1,2,2,2,0,0,0,1,0.211,0.309,0.445,0.754,102,566,353
273,Dillon Maples,32,18,2021,29,CHC,NL,0,0,0,8,0,0,,0,22.2,9,6,5,14,1.99,4,33.70%,14.70%,198,0.167,2,95,74,1,0,0,5,0,2,0,5,1,0,0,4,0.122,0.295,0.216,0.511,52,389,223
274,A.J. Minter,32,36,2021,27,ATL,NL,0,0,0,2,1,3,0.25,0,29.1,28,19,15,11,4.6,3.09,25.20%,8.70%,97,0.325,2,127,113,11,0,0,1,0,1,1,3,2,1,1,0,0.248,0.317,0.398,0.716,93,497,329
275,Cody Poteet,32,7,2021,26,MIA,NL,7,0,0,0,2,3,0.4,0,30.2,25,17,17,16,4.99,5.61,24.20%,12.10%,82,0.234,7,132,116,7,0,0,0,0,0,2,2,0,0,0,1,0.216,0.311,0.457,0.768,116,548,347
276,Keegan Thompson,32,19,2021,26,CHC,NL,1,0,0,3,3,2,0.6,0,29,23,7,6,17,1.86,4.5,25.60%,13.60%,210,0.271,4,125,105,4,0,1,0,2,1,4,1,0,0,0,3,0.219,0.325,0.371,0.697,100,483,302
277,Kyle Zimmer,32,29,2021,29,KCR,AL,2,0,0,4,3,0,1,2,32,19,9,9,14,2.53,3.29,26.70%,11.70%,181,0.236,2,120,104,3,0,0,0,0,2,7,0,1,0,0,7,0.183,0.275,0.269,0.544,50,533,330
278,Brett Anderson,31,12,2021,33,MIL,NL,12,0,0,0,2,5,0.286,0,48,55,28,25,15,4.69,4.83,14.50%,7.00%,88,0.306,7,214,194,15,0,0,2,2,1,4,1,1,1,0,0,0.284,0.34,0.469,0.809,125,807,472
279,Anthony Bender,31,23,2021,26,MIA,NL,0,0,0,3,0,0,,0,24.1,11,4,2,7,0.74,1.72,34.80%,7.90%,552,0.224,0,89,79,2,0,0,2,0,1,5,0,0,0,0,4,0.139,0.225,0.165,0.389,14,375,244
280,Andrew Chafin,31,37,2021,31,CHC,NL,0,0,0,1,0,1,0,0,35,18,6,6,10,1.54,2.79,23.70%,7.60%,253,0.195,1,131,119,3,1,1,2,0,0,4,1,0,0,0,1,0.151,0.229,0.218,0.447,31,482,321
281,Garrett Crochet,31,24,2021,22,CHW,AL,0,0,0,5,2,4,0.333,0,24.2,21,11,8,16,2.92,3.24,27.40%,14.20%,149,0.328,1,113,93,3,0,1,1,2,0,2,2,0,0,0,3,0.226,0.345,0.29,0.636,77,444,264
282,Sean Doolittle,31,32,2021,34,CIN,NL,0,0,0,7,3,0,1,1,27.2,32,15,14,14,4.55,4.89,24.00%,10.90%,102,0.355,5,129,110,10,1,3,1,2,2,0,4,2,0,0,0,0.291,0.37,0.536,0.906,139,497,330
283,Yimi Garcia,31,32,2021,30,MIA,NL,0,0,0,25,3,6,0.333,12,30,23,12,9,8,2.7,3.73,25.60%,6.60%,151,0.247,4,121,110,6,2,3,1,0,2,1,0,0,0,0,0,0.209,0.264,0.409,0.674,89,487,329
284,Kevin Ginkel,31,32,2021,27,ARI,NL,0,0,0,9,0,1,0,0,28.1,30,24,20,14,6.35,5.88,24.00%,10.90%,66,0.311,7,129,112,8,1,0,2,1,0,2,0,1,0,0,3,0.268,0.359,0.545,0.904,151,556,335
285,Ian Kennedy,31,27,2021,36,TEX,AL,0,0,0,21,0,0,,14,27.1,24,9,9,7,2.96,4.04,28.40%,6.40%,152,0.288,5,109,102,3,0,2,0,0,0,2,0,0,0,0,0,0.235,0.284,0.412,0.696,89,389,277
286,Daniel Norris,31,29,2021,28,DET,AL,0,0,0,8,0,2,0,0,29.1,35,22,21,13,6.44,4.35,23.90%,10.00%,68,0.388,4,130,115,7,0,1,2,0,0,6,0,1,0,0,2,0.304,0.385,0.47,0.854,139,502,307
287,Tanner Rainey,31,30,2021,28,WSN,NL,0,0,0,6,1,2,0.333,1,24.2,21,20,19,20,6.93,6.08,26.50%,17.10%,55,0.276,5,117,93,4,1,1,3,0,1,1,1,0,0,0,0,0.226,0.376,0.452,0.828,142,520,315
288,Jose Ruiz,31,29,2021,26,CHW,AL,0,0,0,14,0,1,0,0,31.2,25,13,11,9,3.13,3.7,23.90%,6.90%,139,0.244,4,130,121,8,0,1,0,0,0,0,2,0,0,1,1,0.207,0.262,0.372,0.633,73,496,329
289,Drew Steckenrider,31,26,2021,30,SEA,AL,0,0,0,5,2,2,0.5,2,30,20,9,8,11,2.4,2.73,26.30%,9.30%,173,0.257,1,118,104,6,0,0,1,0,2,2,3,0,0,0,0,0.192,0.271,0.279,0.55,58,463,291
290,Dan Winkler,31,31,2021,31,CHC,NL,0,0,0,10,1,0,1,0,29.1,17,4,4,16,1.23,3.54,25.20%,13.00%,318,0.225,1,123,103,5,0,0,4,0,0,2,1,0,0,0,2,0.165,0.301,0.243,0.544,60,511,308
291,Nick Wittgren,31,29,2021,30,CLE,AL,0,0,0,7,2,2,0.5,1,29,25,15,15,6,4.66,4.33,27.20%,5.30%,99,0.268,6,114,106,4,0,1,0,0,2,2,0,0,0,0,0,0.236,0.272,0.443,0.715,89,462,305
292,Sam Coonrod,30,27,2021,28,PHI,NL,0,0,0,4,1,2,0.333,2,28,26,15,13,10,4.18,4.52,24.80%,8.30%,96,0.28,5,121,109,2,0,1,1,0,1,2,1,0,0,0,3,0.239,0.306,0.394,0.7,100,439,288
293,Vladimir Gutirrez,30,7,2021,25,CIN,NL,7,0,0,0,3,3,0.5,0,38.1,35,21,21,19,4.93,5.87,17.70%,11.20%,94,0.245,8,170,146,8,0,0,1,2,2,0,7,0,0,2,2,0.24,0.327,0.459,0.786,108,626,389
294,Ryan Helsley,30,36,2021,26,STL,NL,0,0,0,6,4,4,0.5,1,33,29,19,19,21,5.18,4.43,20.40%,14.30%,73,0.283,3,147,123,7,0,1,0,1,2,1,0,0,0,0,5,0.236,0.342,0.366,0.708,108,596,360
295,Mark Melancon,30,35,2021,36,SDP,NL,0,0,0,29,1,1,0.5,25,35.2,28,11,9,15,2.27,4.2,20.70%,10.30%,163,0.25,4,145,128,3,0,3,0,0,2,6,0,0,0,0,1,0.219,0.297,0.336,0.632,87,569,357
296,Zach Pop,30,24,2021,24,MIA,NL,0,0,0,7,1,0,1,0,29,25,19,17,12,5.28,4.09,23.80%,9.50%,77,0.286,3,126,110,5,0,1,4,0,0,2,0,0,0,0,1,0.227,0.325,0.355,0.68,95,501,308
297,Chase Anderson,29,11,2021,33,PHI,NL,8,0,0,2,2,4,0.333,0,38,44,31,31,17,7.34,5.61,16.50%,9.70%,54,0.311,7,176,154,12,2,1,3,1,1,1,1,0,0,0,0,0.286,0.366,0.526,0.892,152,709,440
298,Luis Cessa,29,26,2021,29,NYY,AL,0,0,0,13,1,1,0.5,0,32.2,30,17,12,15,3.31,3.56,20.40%,10.60%,131,0.298,2,142,125,6,0,1,0,2,0,3,1,0,0,0,0,0.24,0.321,0.336,0.657,82,516,324
299,Matt Foster,29,23,2021,26,CHW,AL,0,0,0,11,2,1,0.667,0,23,29,18,17,9,6.65,5.46,26.90%,8.30%,65,0.371,6,108,96,3,0,0,2,0,1,1,0,1,0,0,1,0.302,0.37,0.521,0.891,144,460,293
300,Luke Jackson,29,34,2021,29,ATL,NL,0,0,0,4,1,1,0.5,0,29,23,6,6,14,1.86,4.4,23.80%,11.50%,240,0.257,4,122,107,3,0,1,0,1,0,4,6,0,0,1,2,0.215,0.306,0.355,0.661,79,488,302
